Step,NodeID,True_X,True_Y,Dist_A0,Dist_A1,Dist_A2,Dist_A3
0,0,2.0000,3.0000,3.8817,9.1148,5.3187,10.5253
0,1,3.0000,4.0000,4.4669,8.0099,4.1022,9.1692
0,2,4.0000,5.0000,6.3461,7.8855,3.0531,8.2108
0,3,5.0000,6.0000,6.5111,7.9610,2.1857,6.5628
0,4,6.0000,7.0000,9.3404,8.0681,1.6512,5.5098
1,0,2.0000,3.0000,3.2500,9.3658,5.1035,10.1517
1,1,3.0000,4.0000,4.8328,7.8422,4.9743,9.2586
1,2,4.0000,5.0000,7.6500,7.9785,3.9471,7.7219
1,3,5.0000,6.0000,7.9317,8.2599,2.2704,5.7647
1,4,6.0000,7.0000,9.0449,8.0059,1.3301,4.6685
2,0,2.0000,3.0000,3.5741,8.7437,5.4586,10.4290
2,1,3.0000,4.0000,4.0788,8.0097,3.8594,9.2429
2,2,4.0000,5.0000,5.9367,7.6254,3.4217,8.2166
2,3,5.0000,6.0000,8.3865,7.1642,2.4297,6.3970
2,4,6.0000,7.0000,9.4383,8.3964,1.6506,5.0311
3,0,2.0000,3.0000,3.1842,8.9184,5.5559,10.4978
3,1,3.0000,4.0000,5.3050,7.6005,4.2905,8.5831
3,2,4.0000,5.0000,5.9205,7.7270,2.7437,7.8719
3,3,5.0000,6.0000,8.0339,7.6220,1.7284,6.6382
3,4,6.0000,7.0000,9.4180,8.1327,1.0578,5.3941
4,0,2.0000,3.0000,4.0448,8.5398,5.8168,10.6428
4,1,3.0000,4.0000,4.9283,8.0852,4.0984,9.3482
4,2,4.0000,5.0000,6.3433,6.7543,2.9762,7.5949
4,3,5.0000,6.0000,7.5859,8.2519,1.7346,5.9066
4,4,6.0000,7.0000,8.8769,7.6503,0.8855,4.6675
5,0,2.0000,3.0000,3.7156,7.5274,5.2263,10.1448
5,1,3.0000,4.0000,4.9696,7.6971,4.3088,8.3053
5,2,4.0000,5.0000,6.0503,7.5105,3.2676,7.5560
5,3,5.0000,6.0000,7.4789,7.6003,1.7676,6.3078
5,4,6.0000,7.0000,9.1317,7.6083,2.0082,5.2400
6,0,2.0000,3.0000,4.0602,8.2096,5.6745,11.2695
6,1,3.0000,4.0000,5.0941,7.9930,3.9249,9.5198
6,2,4.0000,5.0000,6.9716,6.8192,3.4781,7.4669
6,3,5.0000,6.0000,8.6033,8.3540,1.7238,5.8293
6,4,6.0000,7.0000,9.1068,8.3718,1.2984,4.1128
7,0,2.0000,3.0000,3.0942,8.7727,5.6523,11.0965
7,1,3.0000,4.0000,5.0107,8.7381,4.7359,9.7790
7,2,4.0000,5.0000,6.9344,8.4648,3.4856,7.4914
7,3,5.0000,6.0000,7.8615,7.3776,2.8692,6.1337
7,4,6.0000,7.0000,8.9676,7.5845,1.9229,5.2710
8,0,2.0000,3.0000,3.2247,8.5347,6.1766,10.9723
8,1,3.0000,4.0000,5.2377,7.5259,4.7506,9.3157
8,2,4.0000,5.0000,6.9241,7.7631,3.0064,8.1176
8,3,5.0000,6.0000,7.6939,7.4993,1.9502,6.4619
8,4,6.0000,7.0000,9.1195,8.2658,1.5570,4.3676
9,0,2.0000,3.0000,4.0438,8.0098,6.0974,10.9001
9,1,3.0000,4.0000,5.6590,8.4899,4.6337,9.5036
9,2,4.0000,5.0000,6.2322,8.0282,3.7124,8.1826
9,3,5.0000,6.0000,8.1901,8.2375,1.7193,7.1943
9,4,6.0000,7.0000,8.8217,7.8726,1.7349,4.6888
10,0,2.0000,3.0000,3.4805,8.7402,5.9765,11.6019
10,1,3.0000,4.0000,4.8209,7.9802,4.9767,9.2775
10,2,4.0000,5.0000,6.5277,8.3694,3.2040,7.8090
10,3,5.0000,6.0000,8.3259,7.5297,1.3177,6.6220
10,4,6.0000,7.0000,8.3825,8.3634,1.0138,5.0360
11,0,2.0000,3.0000,3.8833,9.0428,6.2235,10.0324
11,1,3.0000,4.0000,4.2769,8.4344,4.5012,8.9063
11,2,4.0000,5.0000,6.5735,7.6657,3.8157,7.7396
11,3,5.0000,6.0000,7.4303,7.6014,2.3738,7.1435
11,4,6.0000,7.0000,9.0811,7.4165,1.0891,4.9377
12,0,2.0000,3.0000,3.9626,8.7077,5.9264,11.1758
12,1,3.0000,4.0000,4.3460,8.4846,4.1951,8.7492
12,2,4.0000,5.0000,6.2573,8.0431,2.8004,7.4934
12,3,5.0000,6.0000,7.7324,7.9209,1.4805,6.1126
12,4,6.0000,7.0000,8.7590,8.5596,1.5526,5.2639
13,0,2.0000,3.0000,3.7011,9.1265,5.7076,10.7391
13,1,3.0000,4.0000,5.0731,8.1944,3.8468,9.0203
13,2,4.0000,5.0000,6.5663,7.5940,2.9545,7.8787
13,3,5.0000,6.0000,7.7357,6.6950,1.5273,7.0128
13,4,6.0000,7.0000,8.8587,7.9242,1.4767,5.3885
14,0,2.0000,3.0000,3.5416,8.2865,5.7943,10.8853
14,1,3.0000,4.0000,6.0308,8.5150,4.3510,9.8002
14,2,4.0000,5.0000,6.1722,7.8569,3.6468,7.6696
14,3,5.0000,6.0000,7.8321,7.8462,1.5466,5.5072
14,4,6.0000,7.0000,9.5219,7.9497,1.7712,4.7336
15,0,2.0000,3.0000,2.6393,8.2443,5.8387,10.6009
15,1,3.0000,4.0000,5.0969,7.8626,4.7674,9.2247
15,2,4.0000,5.0000,6.6609,8.0151,3.4182,6.9275
15,3,5.0000,6.0000,7.7181,8.3481,2.0401,5.9964
15,4,6.0000,7.0000,9.3661,9.0229,2.0249,5.1303
16,0,2.0000,3.0000,3.6366,8.1339,6.1464,10.7800
16,1,3.0000,4.0000,4.9238,8.2457,4.0230,8.9449
16,2,4.0000,5.0000,7.2050,7.0512,2.8743,7.9825
16,3,5.0000,6.0000,8.7567,8.0108,2.3607,5.9967
16,4,6.0000,7.0000,9.2639,7.6509,0.8558,5.3826
17,0,2.0000,3.0000,3.3762,8.6741,5.8467,9.5223
17,1,3.0000,4.0000,5.2702,8.2844,4.1863,9.7208
17,2,4.0000,5.0000,6.8859,7.6952,2.6053,7.2481
17,3,5.0000,6.0000,8.1406,8.2127,2.2826,6.0572
17,4,6.0000,7.0000,9.1407,8.2140,1.2021,5.1546
18,0,2.0000,3.0000,3.5994,8.2893,6.0658,10.4377
18,1,3.0000,4.0000,4.8339,8.3138,4.8670,8.8196
18,2,4.0000,5.0000,7.2861,7.7209,3.0746,7.7900
18,3,5.0000,6.0000,7.5297,7.9386,1.5404,6.5846
18,4,6.0000,7.0000,9.1626,8.3346,1.0012,4.5033
19,0,2.0000,3.0000,4.0362,8.5712,6.2050,11.2263
19,1,3.0000,4.0000,4.8963,7.8311,4.8401,9.3314
19,2,4.0000,5.0000,6.6172,8.2232,3.0642,7.5764
19,3,5.0000,6.0000,7.9409,7.5108,2.5133,6.1215
19,4,6.0000,7.0000,9.1672,8.2093,1.3634,4.8208
20,0,2.0000,3.0000,3.2488,8.9393,5.5205,11.4963
20,1,3.0000,4.0000,4.2367,7.6299,4.9547,9.6385
20,2,4.0000,5.0000,6.1663,7.8263,2.8358,7.0790
20,3,5.0000,6.0000,8.4611,7.9789,2.1866,7.1150
20,4,6.0000,7.0000,9.0874,8.3123,1.5933,5.1435
21,0,2.0000,3.0000,3.1019,8.7732,5.7591,10.8474
21,1,3.0000,4.0000,5.0311,7.5451,4.6835,9.7767
21,2,4.0000,5.0000,6.8552,7.7214,3.1986,7.2466
21,3,5.0000,6.0000,7.6636,8.1951,2.2792,6.0903
21,4,6.0000,7.0000,9.1683,8.3453,1.5721,4.4597
22,0,2.0000,3.0000,3.8550,8.7402,6.1753,9.8720
22,1,3.0000,4.0000,5.2082,7.8567,5.2062,9.2466
22,2,4.0000,5.0000,6.8604,8.0164,3.0523,7.8090
22,3,5.0000,6.0000,7.9924,8.0018,2.3526,6.1531
22,4,6.0000,7.0000,9.3862,8.1921,1.3380,5.6020
23,0,2.0000,3.0000,3.6327,9.6125,5.4242,10.5499
23,1,3.0000,4.0000,5.4804,8.1956,5.0665,9.5449
23,2,4.0000,5.0000,6.7600,7.5208,3.4180,7.9192
23,3,5.0000,6.0000,8.1696,7.7061,1.9687,6.5885
23,4,6.0000,7.0000,9.3926,8.1176,2.1738,5.9070
24,0,2.0000,3.0000,4.3512,7.8388,6.2940,10.0911
24,1,3.0000,4.0000,5.2464,8.2808,5.2620,9.8537
24,2,4.0000,5.0000,6.2292,8.2782,2.7863,7.1447
24,3,5.0000,6.0000,8.2654,8.0899,1.7732,6.6239
24,4,6.0000,7.0000,9.2284,8.0053,1.7160,4.5897
25,0,2.0000,3.0000,3.7898,9.2889,5.9035,10.0432
25,1,3.0000,4.0000,5.5671,8.3031,4.2751,9.0445
25,2,4.0000,5.0000,6.4263,7.5127,2.9949,7.4276
25,3,5.0000,6.0000,8.0799,8.2979,1.4837,6.1884
25,4,6.0000,7.0000,9.1047,7.2188,1.9554,4.9498
26,0,2.0000,3.0000,4.2903,8.4395,5.9398,10.6285
26,1,3.0000,4.0000,4.9829,8.2873,4.1870,9.4870
26,2,4.0000,5.0000,6.0907,7.8691,2.9087,8.3095
26,3,5.0000,6.0000,8.3455,8.4014,1.3224,5.4491
26,4,6.0000,7.0000,8.6949,7.9325,1.7181,5.0830
27,0,2.0000,3.0000,3.8465,8.1795,6.1758,11.3002
27,1,3.0000,4.0000,5.2665,8.0292,4.5453,9.0326
27,2,4.0000,5.0000,6.3825,7.9404,3.2825,8.0213
27,3,5.0000,6.0000,8.4361,7.8740,2.3097,6.8816
27,4,6.0000,7.0000,9.2681,7.5168,1.1377,5.1170
28,0,2.0000,3.0000,3.8076,8.4555,5.9775,10.8139
28,1,3.0000,4.0000,5.1771,8.2638,4.7015,9.2559
28,2,4.0000,5.0000,6.3063,8.5006,3.1557,8.1480
28,3,5.0000,6.0000,7.9293,8.3865,2.2105,6.7246
28,4,6.0000,7.0000,9.4338,8.8256,1.7078,5.1928
29,0,2.0000,3.0000,4.1311,8.4988,5.9371,10.0362
29,1,3.0000,4.0000,5.1255,7.5922,4.6479,9.3745
29,2,4.0000,5.0000,5.9479,7.9575,3.1501,7.3630
29,3,5.0000,6.0000,8.1807,7.4729,1.6612,6.0896
29,4,6.0000,7.0000,9.2640,7.8296,0.8373,5.2807
30,0,2.0000,3.0000,2.9779,8.7627,5.8532,9.9817
30,1,3.0000,4.0000,4.6259,7.5947,4.5452,10.0419
30,2,4.0000,5.0000,6.1284,7.4585,2.5821,8.0409
30,3,5.0000,6.0000,7.4342,7.9143,2.0382,6.8215
30,4,6.0000,7.0000,8.8427,7.4999,1.9013,5.4876
31,0,2.0000,3.0000,4.0478,8.2730,5.2253,10.3352
31,1,3.0000,4.0000,5.2968,7.7419,4.9936,8.9544
31,2,4.0000,5.0000,6.0408,8.2411,3.1191,8.1096
31,3,5.0000,6.0000,7.8234,7.8607,2.0696,6.4353
31,4,6.0000,7.0000,9.4154,7.6322,1.3936,4.9133
32,0,2.0000,3.0000,3.7547,8.7971,6.5053,10.1435
32,1,3.0000,4.0000,5.4187,8.3361,3.6849,9.1381
32,2,4.0000,5.0000,6.6224,7.8288,3.0664,7.3561
32,3,5.0000,6.0000,7.8977,7.7914,1.3781,5.8648
32,4,6.0000,7.0000,8.9452,8.1642,1.8124,5.3084
33,0,2.0000,3.0000,3.6252,8.6790,5.7404,10.8792
33,1,3.0000,4.0000,4.8099,8.1530,4.1394,9.1181
33,2,4.0000,5.0000,6.4660,7.8944,3.1324,7.5093
33,3,5.0000,6.0000,8.3221,7.9468,2.8871,6.4837
33,4,6.0000,7.0000,9.7839,8.4338,1.2505,4.8465
34,0,2.0000,3.0000,3.0943,8.4156,5.4247,9.8635
34,1,3.0000,4.0000,5.0739,8.7971,4.1520,9.4885
34,2,4.0000,5.0000,7.2094,7.0415,3.2497,7.7974
34,3,5.0000,6.0000,7.9609,7.0481,1.6722,6.2320
34,4,6.0000,7.0000,9.4570,8.0068,1.3983,5.1338
35,0,2.0000,3.0000,3.2050,8.2808,6.2773,10.8061
35,1,3.0000,4.0000,4.9783,7.0604,4.3415,9.4464
35,2,4.0000,5.0000,6.4957,8.4690,2.4323,7.7588
35,3,5.0000,6.0000,7.7410,8.0890,1.7646,6.0123
35,4,6.0000,7.0000,8.4281,8.1332,1.2664,5.2345
36,0,2.0000,3.0000,3.1534,8.9348,5.6654,10.4364
36,1,3.0000,4.0000,4.9394,8.5306,4.0041,9.1186
36,2,4.0000,5.0000,6.5328,8.4401,3.6885,7.4128
36,3,5.0000,6.0000,7.7712,7.7720,1.9728,6.2551
36,4,6.0000,7.0000,9.1416,7.8648,1.7591,4.5726
37,0,2.0000,3.0000,2.9981,8.2835,5.7683,11.0664
37,1,3.0000,4.0000,4.6135,7.9619,4.7044,9.4889
37,2,4.0000,5.0000,6.7873,7.6064,3.0958,7.8022
37,3,5.0000,6.0000,7.7378,7.3594,2.2700,6.3088
37,4,6.0000,7.0000,9.4533,8.4196,0.8522,5.2807
38,0,2.0000,3.0000,3.5366,8.5321,5.1385,11.2738
38,1,3.0000,4.0000,5.2652,8.9149,4.4464,8.8044
38,2,4.0000,5.0000,6.3115,8.0737,2.8606,8.0558
38,3,5.0000,6.0000,8.4877,8.1634,2.6178,6.0044
38,4,6.0000,7.0000,9.2993,7.4000,1.3261,5.0209
39,0,2.0000,3.0000,3.2449,9.2187,5.4880,10.5942
39,1,3.0000,4.0000,4.9731,8.3917,4.9796,8.7843
39,2,4.0000,5.0000,6.7652,7.7307,2.8862,7.2249
39,3,5.0000,6.0000,8.0548,7.6795,1.8049,6.3052
39,4,6.0000,7.0000,9.5838,8.0481,1.2587,5.0209
40,0,2.0000,3.0000,3.1045,8.4242,5.9882,10.7898
40,1,3.0000,4.0000,5.6218,7.5887,4.3859,9.4011
40,2,4.0000,5.0000,6.5991,7.7106,2.4637,7.5391
40,3,5.0000,6.0000,7.4882,7.9482,1.7797,5.9261
40,4,6.0000,7.0000,9.3302,8.7575,2.0600,5.4606
41,0,2.0000,3.0000,4.0406,8.5936,6.2755,10.9558
41,1,3.0000,4.0000,5.4706,8.3486,4.4181,9.5175
41,2,4.0000,5.0000,6.7259,7.9526,3.4183,8.0253
41,3,5.0000,6.0000,8.2192,7.6248,2.1881,6.2705
41,4,6.0000,7.0000,9.2123,7.7189,1.3935,4.6042
42,0,2.0000,3.0000,3.0505,8.2218,6.7680,10.7527
42,1,3.0000,4.0000,4.9159,8.3092,4.2740,9.1938
42,2,4.0000,5.0000,6.5347,8.3845,3.3230,8.2965
42,3,5.0000,6.0000,7.2720,7.9331,2.5015,6.3217
42,4,6.0000,7.0000,9.3558,8.0428,1.0526,5.4784
43,0,2.0000,3.0000,3.9899,8.2512,5.2843,10.6749
43,1,3.0000,4.0000,5.2228,7.9048,4.3761,9.2417
43,2,4.0000,5.0000,6.9113,7.3972,3.2539,8.0950
43,3,5.0000,6.0000,7.4626,7.7828,2.2206,6.6456
43,4,6.0000,7.0000,9.0812,7.8403,1.4466,4.9478
44,0,2.0000,3.0000,3.7942,8.5769,5.9550,9.7007
44,1,3.0000,4.0000,4.7270,7.8536,4.6354,9.7249
44,2,4.0000,5.0000,5.9246,7.9680,3.0126,8.4123
44,3,5.0000,6.0000,7.7331,8.0237,1.6865,5.9859
44,4,6.0000,7.0000,9.0049,8.8521,1.6645,4.9166
45,0,2.0000,3.0000,4.5099,8.8177,6.8477,10.1676
45,1,3.0000,4.0000,5.4140,7.4749,4.1346,9.5761
45,2,4.0000,5.0000,6.4226,8.1245,2.7432,8.2203
45,3,5.0000,6.0000,7.6453,7.5653,2.0517,6.3683
45,4,6.0000,7.0000,9.2813,8.3731,1.8869,4.7225
46,0,2.0000,3.0000,3.6710,8.3341,6.2710,10.7227
46,1,3.0000,4.0000,4.7431,7.7822,4.3056,8.9943
46,2,4.0000,5.0000,6.4738,8.4262,2.6212,8.1268
46,3,5.0000,6.0000,7.5244,7.8784,1.3954,6.2508
46,4,6.0000,7.0000,8.9939,7.4479,1.1948,5.4012
47,0,2.0000,3.0000,3.7081,8.4924,5.9439,11.0736
47,1,3.0000,4.0000,4.5872,8.3693,4.7750,9.1577
47,2,4.0000,5.0000,6.0943,8.3257,3.5545,7.2875
47,3,5.0000,6.0000,7.7920,8.6719,2.2123,6.1207
47,4,6.0000,7.0000,9.0703,7.7901,1.1702,5.0360
48,0,2.0000,3.0000,4.1385,8.5073,6.0900,10.8603
48,1,3.0000,4.0000,5.1666,8.0945,5.0342,9.2800
48,2,4.0000,5.0000,6.1391,7.9195,2.4463,7.5923
48,3,5.0000,6.0000,7.8179,7.8844,1.6319,6.1165
48,4,6.0000,7.0000,8.5892,8.1639,0.9021,4.3003
49,0,2.0000,3.0000,3.5037,8.1493,5.7493,9.8722
49,1,3.0000,4.0000,4.4107,8.0808,4.5152,8.7854
49,2,4.0000,5.0000,6.7134,7.7021,2.3056,7.7479
49,3,5.0000,6.0000,7.4716,7.5776,2.2643,6.3455
49,4,6.0000,7.0000,9.7861,8.2555,2.2503,5.6843
50,0,2.0000,3.0000,3.3934,8.2539,5.4754,10.9358
50,1,3.0000,4.0000,5.3824,8.1769,4.6545,9.2351
50,2,4.0000,5.0000,5.8018,7.5338,3.1674,7.2277
50,3,5.0000,6.0000,7.6395,7.0426,2.2894,6.2522
50,4,6.0000,7.0000,8.7733,8.3615,1.0242,4.8882
51,0,2.0000,3.0000,3.7997,7.1192,5.7655,10.0110
51,1,3.0000,4.0000,4.3759,8.3929,4.7221,9.0701
51,2,4.0000,5.0000,6.6820,7.5076,2.8648,7.9158
51,3,5.0000,6.0000,8.0282,8.1595,1.9269,6.4143
51,4,6.0000,7.0000,9.0641,7.8888,1.0912,3.9404
52,0,2.0000,3.0000,3.2435,8.4127,6.1173,10.5228
52,1,3.0000,4.0000,5.4128,7.2763,4.0279,9.6231
52,2,4.0000,5.0000,6.4733,7.3777,2.9672,8.2520
52,3,5.0000,6.0000,7.5718,7.6028,2.1586,6.3990
52,4,6.0000,7.0000,9.1394,8.7082,0.6884,5.5905
53,0,2.0000,3.0000,3.3586,8.5009,5.9891,9.9509
53,1,3.0000,4.0000,5.0018,8.2816,4.5318,9.0948
53,2,4.0000,5.0000,7.2370,7.9889,3.6970,7.6012
53,3,5.0000,6.0000,7.8137,7.4131,1.7206,6.0242
53,4,6.0000,7.0000,9.0215,8.4284,1.3676,4.9129
54,0,2.0000,3.0000,3.1200,8.4819,6.6629,10.7012
54,1,3.0000,4.0000,4.7540,7.4871,4.6203,9.2545
54,2,4.0000,5.0000,6.6961,7.9925,3.2319,8.3449
54,3,5.0000,6.0000,7.3377,7.7684,2.3375,6.1499
54,4,6.0000,7.0000,8.8840,8.6944,0.6125,4.5035
55,0,2.0000,3.0000,3.0824,8.7198,5.8793,10.6126
55,1,3.0000,4.0000,5.2760,8.2832,3.8182,9.2204
55,2,4.0000,5.0000,6.4564,7.0992,3.2903,7.6998
55,3,5.0000,6.0000,8.2860,7.8909,1.9062,5.5685
55,4,6.0000,7.0000,9.5306,7.8657,0.7805,4.1495
56,0,2.0000,3.0000,3.7050,8.6312,5.5062,10.7404
56,1,3.0000,4.0000,5.3112,8.6465,4.7814,9.0159
56,2,4.0000,5.0000,5.3544,8.0034,2.5832,7.4626
56,3,5.0000,6.0000,8.1434,8.0527,1.5682,5.4769
56,4,6.0000,7.0000,9.8404,8.2347,1.8603,5.4485
57,0,2.0000,3.0000,3.3519,8.2255,6.0008,11.2163
57,1,3.0000,4.0000,4.9210,8.4167,4.3474,9.7222
57,2,4.0000,5.0000,6.3752,8.4555,3.4330,8.0076
57,3,5.0000,6.0000,8.1562,7.6884,2.3327,6.1894
57,4,6.0000,7.0000,9.2136,7.4584,1.4326,5.1629
58,0,2.0000,3.0000,2.8140,9.1367,6.6932,10.7049
58,1,3.0000,4.0000,5.2468,8.2448,4.2107,9.1849
58,2,4.0000,5.0000,6.2884,7.4482,2.9855,7.5019
58,3,5.0000,6.0000,8.2623,8.0149,2.1513,6.2530
58,4,6.0000,7.0000,9.1990,6.9551,1.2935,4.1410
59,0,2.0000,3.0000,3.4142,9.2156,6.5766,10.5699
59,1,3.0000,4.0000,4.9363,7.7704,4.5345,9.4639
59,2,4.0000,5.0000,6.4712,8.1586,3.5623,7.3910
59,3,5.0000,6.0000,7.7167,8.2254,1.7567,6.3696
59,4,6.0000,7.0000,9.3301,7.3626,1.1949,4.7107
60,0,2.0000,3.0000,3.9298,8.9430,5.6672,9.8885
60,1,3.0000,4.0000,4.8879,7.4350,3.8252,9.2963
60,2,4.0000,5.0000,6.2792,7.5084,3.6760,8.2681
60,3,5.0000,6.0000,7.4470,7.7056,2.0587,6.2800
60,4,6.0000,7.0000,8.9332,8.3554,1.3033,4.3380
61,0,2.0000,3.0000,3.9007,8.5651,5.8236,11.3490
61,1,3.0000,4.0000,5.0407,8.4498,4.3434,9.2118
61,2,4.0000,5.0000,6.4770,7.7721,3.7678,8.4522
61,3,5.0000,6.0000,7.2896,7.9466,1.5262,6.0786
61,4,6.0000,7.0000,8.9431,7.9640,1.0950,4.8439
62,0,2.0000,3.0000,4.1935,8.1929,5.6912,10.7567
62,1,3.0000,4.0000,4.5593,8.2291,3.7819,9.1697
62,2,4.0000,5.0000,5.6856,8.0879,3.5423,7.8412
62,3,5.0000,6.0000,7.7118,8.3485,2.3205,5.5860
62,4,6.0000,7.0000,9.7949,8.3069,1.4815,4.6845
63,0,2.0000,3.0000,3.9267,8.3279,6.3777,11.2309
63,1,3.0000,4.0000,4.5892,7.7585,4.7413,8.7957
63,2,4.0000,5.0000,7.0620,7.9233,2.6961,7.6044
63,3,5.0000,6.0000,7.5898,7.8486,2.2241,5.9332
63,4,6.0000,7.0000,9.5748,8.2210,1.6960,5.1267
64,0,2.0000,3.0000,4.0021,7.8427,5.6434,10.8369
64,1,3.0000,4.0000,5.4445,8.4294,4.0564,8.2940
64,2,4.0000,5.0000,6.9266,7.9106,3.1234,8.4259
64,3,5.0000,6.0000,8.3086,8.1578,1.7955,6.5571
64,4,6.0000,7.0000,9.6607,8.9492,1.8425,5.4961
65,0,2.0000,3.0000,3.6512,8.3220,5.8632,10.5873
65,1,3.0000,4.0000,5.1332,8.2671,4.2939,9.2665
65,2,4.0000,5.0000,6.1342,8.4482,3.4093,7.7679
65,3,5.0000,6.0000,7.9530,8.1353,2.1154,6.2325
65,4,6.0000,7.0000,9.2915,8.1899,1.4388,5.1919
66,0,2.0000,3.0000,3.6829,8.3986,6.6054,10.8892
66,1,3.0000,4.0000,5.2592,7.5609,4.3214,8.7929
66,2,4.0000,5.0000,6.5526,8.0471,2.8090,8.0247
66,3,5.0000,6.0000,8.0459,7.7203,2.0007,7.2704
66,4,6.0000,7.0000,8.8306,7.7690,1.9367,5.3802
67,0,2.0000,3.0000,2.5166,7.6458,5.9167,11.1950
67,1,3.0000,4.0000,4.8965,7.9811,4.5211,9.4152
67,2,4.0000,5.0000,6.2917,8.0488,3.0117,7.8107
67,3,5.0000,6.0000,7.6309,8.8158,1.4138,6.4631
67,4,6.0000,7.0000,9.0075,8.3441,1.1100,4.3873
68,0,2.0000,3.0000,3.1926,8.6046,5.5615,10.0867
68,1,3.0000,4.0000,5.4284,7.8191,4.9956,9.2034
68,2,4.0000,5.0000,7.0089,7.7624,3.1922,8.0275
68,3,5.0000,6.0000,7.7866,7.7511,1.8055,6.0102
68,4,6.0000,7.0000,8.6617,7.9016,2.1440,5.0179
69,0,2.0000,3.0000,3.9270,8.7055,6.2381,10.9544
69,1,3.0000,4.0000,5.5194,8.4225,4.7125,9.1845
69,2,4.0000,5.0000,6.4385,7.9613,3.4625,7.6696
69,3,5.0000,6.0000,7.9842,7.6455,1.8927,6.3525
69,4,6.0000,7.0000,9.0300,7.9315,1.7650,4.6438
70,0,2.0000,3.0000,3.6931,8.2062,5.8897,10.8039
70,1,3.0000,4.0000,5.1861,8.0628,4.5607,9.7341
70,2,4.0000,5.0000,6.5894,7.9712,2.2570,7.8443
70,3,5.0000,6.0000,7.8237,7.9379,2.6995,6.7341
70,4,6.0000,7.0000,8.8899,8.1706,1.3841,5.3569
71,0,2.0000,3.0000,3.1569,7.9480,6.2424,10.4559
71,1,3.0000,4.0000,6.0712,8.1318,4.0453,8.5867
71,2,4.0000,5.0000,6.8409,7.9109,3.7049,7.9716
71,3,5.0000,6.0000,8.1804,8.4707,1.9140,7.3210
71,4,6.0000,7.0000,9.7672,7.6314,1.0995,4.7330
72,0,2.0000,3.0000,3.3514,8.5409,5.5696,9.9132
72,1,3.0000,4.0000,4.0808,7.3963,5.3656,10.1918
72,2,4.0000,5.0000,6.2644,7.7490,3.5393,7.8554
72,3,5.0000,6.0000,7.5664,7.4146,1.2373,6.2972
72,4,6.0000,7.0000,8.1813,8.1362,1.4783,5.0602
73,0,2.0000,3.0000,4.5820,8.8212,5.6957,10.6871
73,1,3.0000,4.0000,5.5347,8.2605,5.2463,8.7340
73,2,4.0000,5.0000,5.8839,8.7662,2.9891,8.1333
73,3,5.0000,6.0000,8.0536,8.2880,1.6451,6.5443
73,4,6.0000,7.0000,9.4325,7.5101,1.3445,4.7098
74,0,2.0000,3.0000,3.8413,9.6275,6.0727,11.1344
74,1,3.0000,4.0000,5.1227,7.9758,3.5752,9.4352
74,2,4.0000,5.0000,6.0041,7.6412,2.8040,8.3708
74,3,5.0000,6.0000,8.1024,7.7191,1.9563,6.7865
74,4,6.0000,7.0000,9.2864,7.5393,1.6017,4.8825
75,0,2.0000,3.0000,4.3588,8.1755,5.6360,10.3583
75,1,3.0000,4.0000,4.7331,7.9626,3.9970,9.5640
75,2,4.0000,5.0000,6.1342,7.7724,3.4181,7.5654
75,3,5.0000,6.0000,8.1542,7.4873,1.9631,6.2588
75,4,6.0000,7.0000,8.9617,8.8049,1.2151,5.3125
76,0,2.0000,3.0000,4.3372,8.4103,5.8832,10.7431
76,1,3.0000,4.0000,4.7502,7.5646,3.9054,9.3758
76,2,4.0000,5.0000,6.3103,8.2150,3.2298,8.1203
76,3,5.0000,6.0000,8.0746,7.6616,1.5742,6.1959
76,4,6.0000,7.0000,9.5612,7.8070,1.8572,5.2480
77,0,2.0000,3.0000,3.4710,8.1835,6.0126,10.6478
77,1,3.0000,4.0000,4.9077,8.7354,4.5487,9.4457
77,2,4.0000,5.0000,6.8193,8.0811,3.9645,8.1763
77,3,5.0000,6.0000,7.7770,7.9075,2.3240,6.0179
77,4,6.0000,7.0000,8.6045,8.3335,1.5345,5.0471
78,0,2.0000,3.0000,2.8831,8.3769,5.5244,10.3311
78,1,3.0000,4.0000,4.7105,7.5347,5.0190,9.2380
78,2,4.0000,5.0000,6.0991,8.1416,3.3480,7.9399
78,3,5.0000,6.0000,8.1260,7.4061,2.3651,6.4028
78,4,6.0000,7.0000,8.9296,7.4004,1.3671,5.5270
79,0,2.0000,3.0000,4.2556,8.3633,6.0121,10.3006
79,1,3.0000,4.0000,4.9531,8.1696,4.5773,8.9552
79,2,4.0000,5.0000,6.7744,7.9710,3.8521,7.6910
79,3,5.0000,6.0000,7.6832,8.0492,1.9521,6.2676
79,4,6.0000,7.0000,8.8784,8.0727,1.3015,5.5842
80,0,2.0000,3.0000,2.5143,8.2763,5.4730,10.9322
80,1,3.0000,4.0000,4.4831,8.5673,4.7924,9.8914
80,2,4.0000,5.0000,6.3503,6.9966,3.3757,8.2609
80,3,5.0000,6.0000,7.9352,8.2672,2.3248,6.9682
80,4,6.0000,7.0000,9.9185,7.9307,1.3335,5.2501
81,0,2.0000,3.0000,4.0628,8.2869,5.7672,10.0242
81,1,3.0000,4.0000,5.2674,7.9374,5.0897,8.8239
81,2,4.0000,5.0000,6.1558,8.2285,3.9199,8.3735
81,3,5.0000,6.0000,7.6889,7.8892,2.9949,6.6728
81,4,6.0000,7.0000,8.9180,8.1623,1.2696,4.9843
82,0,2.0000,3.0000,3.9403,9.1478,5.9641,10.4816
82,1,3.0000,4.0000,5.4952,8.2634,4.2853,10.1527
82,2,4.0000,5.0000,7.0177,8.3936,2.6284,7.8150
82,3,5.0000,6.0000,8.0687,7.8672,1.8401,7.1652
82,4,6.0000,7.0000,9.6765,7.6726,1.5274,4.9503
83,0,2.0000,3.0000,3.4855,8.3558,5.7121,10.9694
83,1,3.0000,4.0000,5.4052,8.7880,4.6622,8.9851
83,2,4.0000,5.0000,6.9743,8.2426,3.6179,7.8707
83,3,5.0000,6.0000,8.5295,7.5712,1.7796,6.3217
83,4,6.0000,7.0000,9.5173,8.0439,0.6590,5.0560
84,0,2.0000,3.0000,3.3078,8.8946,5.5438,10.3177
84,1,3.0000,4.0000,4.4765,8.5781,4.4532,9.7582
84,2,4.0000,5.0000,7.1805,7.9775,3.2961,7.4452
84,3,5.0000,6.0000,8.2996,7.3205,2.1437,6.1160
84,4,6.0000,7.0000,9.0917,7.7463,1.7462,4.7944
85,0,2.0000,3.0000,4.1642,8.6416,5.7360,11.7294
85,1,3.0000,4.0000,4.7358,7.9094,4.6265,9.5898
85,2,4.0000,5.0000,6.4614,8.6065,3.2278,8.2831
85,3,5.0000,6.0000,7.2023,7.6244,1.4676,6.8825
85,4,6.0000,7.0000,9.7379,7.6905,1.0397,4.9759
86,0,2.0000,3.0000,3.7434,9.1191,5.4048,10.7995
86,1,3.0000,4.0000,5.2659,7.8784,4.5220,9.4283
86,2,4.0000,5.0000,5.4000,7.2946,3.0014,8.0057
86,3,5.0000,6.0000,7.5243,8.3320,1.9693,6.4562
86,4,6.0000,7.0000,9.5359,7.7268,2.3714,4.5145
87,0,2.0000,3.0000,3.7924,8.0421,5.3132,11.1347
87,1,3.0000,4.0000,4.4359,7.9015,4.3426,9.4072
87,2,4.0000,5.0000,6.5855,9.1851,3.0460,6.9924
87,3,5.0000,6.0000,7.6622,8.4692,2.0553,6.3614
87,4,6.0000,7.0000,9.1079,7.8263,1.6123,5.3187
88,0,2.0000,3.0000,3.9656,8.5357,6.1562,10.6278
88,1,3.0000,4.0000,5.5862,8.0435,4.6765,9.1687
88,2,4.0000,5.0000,6.7942,7.9120,3.2116,8.0780
88,3,5.0000,6.0000,8.2688,7.6878,2.3311,6.4281
88,4,6.0000,7.0000,9.3441,8.4379,1.5704,4.5555
89,0,2.0000,3.0000,3.7344,8.3945,6.4151,11.3952
89,1,3.0000,4.0000,4.9950,8.8934,4.6323,9.0993
89,2,4.0000,5.0000,5.7094,8.2093,2.8395,7.8714
89,3,5.0000,6.0000,8.2596,7.9969,2.1157,6.0849
89,4,6.0000,7.0000,9.3785,8.0993,1.9055,5.0949
90,0,2.0000,3.0000,3.7376,8.3346,5.7176,9.8651
90,1,3.0000,4.0000,5.2084,8.0905,3.9116,9.2133
90,2,4.0000,5.0000,6.9051,7.7861,2.6825,7.5958
90,3,5.0000,6.0000,8.0486,7.7449,1.2241,6.9316
90,4,6.0000,7.0000,8.8970,8.7277,0.8310,4.7073
91,0,2.0000,3.0000,3.3309,8.1333,6.4536,10.7014
91,1,3.0000,4.0000,5.1520,7.8540,4.2259,9.2377
91,2,4.0000,5.0000,6.3124,7.9298,2.9010,7.6353
91,3,5.0000,6.0000,7.5229,8.2068,2.2972,5.4878
91,4,6.0000,7.0000,8.9528,8.0984,1.4780,4.8028
92,0,2.0000,3.0000,3.5109,8.3904,5.8168,10.9719
92,1,3.0000,4.0000,4.6730,8.2902,4.6969,8.3820
92,2,4.0000,5.0000,6.0530,8.3206,2.8521,7.9710
92,3,5.0000,6.0000,8.0850,8.0183,2.5503,6.6357
92,4,6.0000,7.0000,8.6173,8.2260,1.6410,4.6959
93,0,2.0000,3.0000,3.0085,8.6661,5.4214,11.1419
93,1,3.0000,4.0000,5.6572,7.7913,4.3709,9.7174
93,2,4.0000,5.0000,6.8406,8.3779,3.7700,9.1460
93,3,5.0000,6.0000,7.5118,8.2128,1.3352,6.8898
93,4,6.0000,7.0000,8.9883,8.3035,1.2031,5.2781
94,0,2.0000,3.0000,2.6219,8.4618,5.5918,10.7012
94,1,3.0000,4.0000,4.8177,8.1937,5.1026,8.0421
94,2,4.0000,5.0000,6.5471,9.1360,3.4413,7.8915
94,3,5.0000,6.0000,7.4956,8.1916,2.0245,6.1554
94,4,6.0000,7.0000,9.6435,8.3272,0.8737,4.9172
95,0,2.0000,3.0000,4.0819,8.7524,4.9533,10.7057
95,1,3.0000,4.0000,5.5837,7.8996,4.4186,9.5176
95,2,4.0000,5.0000,6.3218,7.2965,2.8767,8.0609
95,3,5.0000,6.0000,7.6817,7.9718,1.9783,6.2423
95,4,6.0000,7.0000,9.2721,7.9968,1.7711,5.1516
96,0,2.0000,3.0000,3.4774,8.7624,5.5286,11.0547
96,1,3.0000,4.0000,5.0006,8.1287,4.4434,8.9659
96,2,4.0000,5.0000,7.2372,8.6775,3.3885,8.5211
96,3,5.0000,6.0000,7.8457,8.5038,2.3480,6.1024
96,4,6.0000,7.0000,8.9294,8.4267,1.7935,4.7839
97,0,2.0000,3.0000,3.5836,8.8372,5.4125,10.4499
97,1,3.0000,4.0000,5.1240,7.7663,3.8354,9.1855
97,2,4.0000,5.0000,6.7077,7.7481,3.4242,7.7317
97,3,5.0000,6.0000,7.9612,8.3504,1.2567,6.7577
97,4,6.0000,7.0000,8.9421,7.7437,1.1509,4.9280
98,0,2.0000,3.0000,3.1953,8.6387,5.7729,10.5172
98,1,3.0000,4.0000,5.3701,7.3927,4.9447,9.5997
98,2,4.0000,5.0000,6.2008,8.0299,2.6405,7.5478
98,3,5.0000,6.0000,7.5782,7.8643,1.8259,6.2979
98,4,6.0000,7.0000,9.1194,7.9499,1.1981,5.0347
99,0,2.0000,3.0000,4.1457,7.8145,6.0358,10.2905
99,1,3.0000,4.0000,5.9049,8.1542,4.3377,9.8039
99,2,4.0000,5.0000,6.3319,7.7685,3.5858,8.1258
99,3,5.0000,6.0000,7.6900,8.0029,1.2631,6.6136
99,4,6.0000,7.0000,8.8811,7.9898,1.4405,4.8929
